text_,label,category,rating
"I bought this phone last month and it has been working great. Battery lasts about a day with heavy use. Camera quality is decent for the price. The only issue is the speaker could be louder.",CG,Electronics,4
"AMAZING PRODUCT!!! BEST THING I EVER BOUGHT!!! YOU MUST BUY THIS RIGHT NOW!!! 5 STARS IS NOT ENOUGH!!! EVERYONE NEEDS THIS!!!",OR,Electronics,5
"The shoes fit well and are comfortable for walking. I've worn them daily for two weeks. The sole has good grip. Color is slightly different from the photo but still looks nice.",CG,Shoes,4
"This is the worst product ever made. Complete garbage. Don't waste your money. The company should be shut down. Terrible terrible terrible.",OR,Electronics,1
"Solid laptop for the price. Runs most programs smoothly. The screen is bright and clear. Keyboard feels good to type on. One minor issue - it gets warm after extended gaming sessions.",CG,Electronics,4
"OMG I LOVE THIS SO MUCH!! Changed my life completely!! Best purchase of 2024!! Buy it now before it sells out!! Trust me you need this!!",OR,Electronics,5
"The blender works as expected. It handles smoothies and soups well. The noise level is moderate. Easy to clean. The lid could seal a bit tighter. Overall good value for money.",CG,Kitchen,4
"Perfect perfect perfect! Nothing bad to say! Greatest invention ever! Must have for everyone! Buy buy buy! You will not regret it at all!",OR,Kitchen,5
"I've been using this moisturizer for a month. It doesn't make my skin oily and absorbs quickly. The scent is mild and pleasant. Has helped with dry patches on my face. Would recommend for sensitive skin.",CG,Beauty,5
"DO NOT BUY THIS!! Scam product!! Fake company!! They stole my money!! Report this seller immediately!! Worst experience of my life!! Scam scam scam!!",OR,Electronics,1
"Decent pair of headphones for casual listening. Sound quality is good but not audiophile-level. Noise cancellation works in quiet environments. Battery lasts about 20 hours. Comfortable for 2-3 hours at a time.",CG,Electronics,3
"Absolutely incredible product that has changed everything for me and my family. We cannot imagine life without it. Everyone in our neighborhood bought one after seeing ours. Magical!!",OR,Electronics,5
"The backpack is well-made with sturdy zippers. It fits my 15-inch laptop with room to spare. The water bottle pocket is a nice touch. Straps are padded and comfortable. Used it for a week of commuting.",CG,Bags,4
"I received a different product than what was shown. The quality is much lower than advertised. When I contacted support they ignored me. This is clearly a fake listing with fake photos.",OR,Bags,1
"Good quality yoga mat. Provides enough cushion for my joints. Doesn't slip on hardwood floors. Easy to roll up and store. The material has a slight smell initially but it goes away after a few days.",CG,Fitness,4
"Life changing!! Revolutionary!! Must buy immediately!! Greatest product in the history of mankind!! I bought 10 for all my friends!! Cannot live without it!! 100% recommend to everyone on earth!!",OR,Fitness,5
"The coffee maker brews quickly and the coffee tastes good. Programmable timer is convenient for mornings. The carafe keeps coffee hot for a couple hours. Cleaning is straightforward.",CG,Kitchen,4
"Five stars because the seller asked me to leave a positive review in exchange for a gift card. Product is actually mediocre at best but free stuff is free stuff I guess.",OR,Kitchen,5
"I bought these running shoes for marathon training. They provide good arch support and the cushioning is comfortable for long runs. After 100 miles they still look and feel new. True to size.",CG,Shoes,5
"These shoes are terrible. Fell apart after one day. Cheapest materials. Obviously fake brand. The seller is running a scam operation. Do not trust any positive reviews they are all fake.",OR,Shoes,1
"This tablet is good for basic tasks like browsing and streaming. The screen resolution is adequate. Battery gets me through a full day of light use. It's not fast enough for demanding games though.",CG,Electronics,3
"Best tablet on the market!! Beats every competitor by miles!! Fastest processor ever!! Most beautiful screen!! I threw away my laptop because this is so much better!!",OR,Electronics,5
"The winter jacket keeps me warm in temperatures down to about 20F. The hood is adjustable and the pockets are deep. Material is water-resistant. Zipper works smoothly. Runs slightly large.",CG,Clothing,4
"I am a totally real customer and this product is the best I have ever used. I definitely bought it with my own money and was not paid to write this review at all.",OR,Clothing,5
"Bought this desk lamp for my home office. The brightness levels are adjustable which is helpful. The LED doesn't flicker. The arm is flexible and stays in position. Clean modern design.",CG,Home,4
"WORST PRODUCT EVER!! COMPANY IS A SCAM!! I WANT MY MONEY BACK!! DO NOT BUY!! REPORTING TO BBB!! THEY SHOULD BE IN JAIL!!",OR,Home,1
"This protein powder mixes well with water and milk. The chocolate flavor is not too sweet. No chalky aftertaste. 25g protein per serving as advertised. Good value compared to other brands.",CG,Fitness,4
"After using this product for just ONE day my whole life transformed!! I lost weight gained muscle got promoted and found true love!! This product does EVERYTHING!! Miracle in a bottle!!",OR,Fitness,5
"The wireless mouse is responsive with no noticeable lag. Battery lasts months with regular use. Comfortable grip for extended work sessions. The scroll wheel is smooth. Works well on most surfaces.",CG,Electronics,4
"Every single review here is fake except mine. This product broke immediately. The company pays for fake reviews. Look at all the suspicious 5-star reviews posted on the same day.",OR,Electronics,1
"Solid entry-level camera for beginners. Takes clear photos in good lighting. Auto mode works well for everyday shots. Menu system takes some getting used to. Comes with a decent starter lens.",CG,Electronics,4
"Just amazing. Wow. Incredible. Stunning. Perfect. Flawless. Best. Greatest. Unbelievable. Outstanding. Remarkable. Exceptional. Phenomenal. Buy it.",OR,Electronics,5
"The vacuum cleaner has strong suction and handles pet hair well. It's a bit heavy to carry up stairs. The dustbin is easy to empty. Filter cleaning is simple. Cord could be longer.",CG,Home,3
"I work for a review farm and was paid to leave this review. Just kidding but seriously this product is perfect in every way and has zero flaws whatsoever and you should buy it immediately.",OR,Home,5
"Comfortable office chair with good lumbar support. The armrests are adjustable. Seat cushion is firm but not hard. Assembly took about 30 minutes. The wheels roll smoothly on carpet.",CG,Home,4
"INCREDIBLE CHAIR!! BEST SEAT I HAVE EVER SAT IN!! BETTER THAN FIRST CLASS!! MY BACK PAIN IS CURED!! MIRACLE CHAIR!! BUY 5 OF THEM!!",OR,Home,5
"The cast iron skillet heats evenly and retains heat well. Requires seasoning maintenance but cooking results are excellent. Heavy but durable. Non-stick properties improve with use. Great for searing steaks.",CG,Kitchen,5
"I never actually received this product but I am leaving a 5-star review because the seller offered me a full refund if I did. Product looks nice in the photos though.",OR,Kitchen,5
"This external hard drive has been reliable for backing up my files. Transfer speeds are decent for a portable drive. The enclosure feels sturdy. Works plug and play with my laptop. Good storage for the price.",CG,Electronics,4
"This hard drive gave me a virus and hacked my bank account and stole my identity and ruined my credit score. The FBI is investigating this company. Do not buy unless you want your life destroyed.",OR,Electronics,1
"Nice quality cotton t-shirts. Comfortable and breathable. Colors haven't faded after multiple washes. The fit is true to the size chart. Stitching appears durable. Good basics for everyday wear.",CG,Clothing,4
"These shirts are made from the finest materials known to mankind. Egyptian cotton woven by artisans using techniques passed down for generations. Worth ten times the price. Buy the entire collection immediately.",OR,Clothing,5
"The electric toothbrush works well for daily use. Battery lasts about two weeks on a single charge. The brush head replacement is easy. Timer helps ensure proper brushing time. Noticeable improvement in cleaning.",CG,Beauty,4
"Used this toothbrush once and my teeth became whiter than snow immediately. My dentist was shocked and asked what my secret was. Now everyone compliments my smile constantly. True story not exaggerating at all.",OR,Beauty,5
"This water bottle keeps drinks cold for about 12 hours as advertised. No leaking issues. The lid opens easily with one hand. The powder coating provides good grip. Fits in standard cup holders.",CG,Fitness,4
"MY WATER HAS NEVER TASTED BETTER!! THIS BOTTLE CHANGED HYDRATION FOREVER!! I DRINK 10 GALLONS A DAY NOW!! REVOLUTIONARY TECHNOLOGY!! SCIENTISTS ARE BAFFLED!!",OR,Fitness,5
"The wireless earbuds have a snug fit and don't fall out during workouts. Sound quality is decent with good bass response. Call quality is acceptable. The case charges quickly via USB-C.",CG,Electronics,4
"Just buy it trust me. Best product ever. No need to read other reviews. This is the only review you need. Five stars. Perfect. Amazing. Incredible. Outstanding. Buy now don't think just buy.",OR,Electronics,5
"Sturdy bookshelf that was relatively easy to assemble. The instructions were clear. Holds heavy books without bowing. The finish matches the product photos. Looks nice in my office. Good value.",CG,Home,4
"This bookshelf cured my depression and saved my marriage. My children respect me more now that I have it. My neighbors are jealous. It emits positive energy. Best furniture purchase in human history.",OR,Home,5
"The face wash is gentle and doesn't dry out my skin. Has a light fresh scent. A small amount goes a long way so the bottle lasts. Helped reduce breakouts over a few weeks of consistent use.",CG,Beauty,4
"After one use my wrinkles disappeared completely and I look 20 years younger. Strangers stop me on the street to ask about my skin. Hollywood celebrities use this same product. Fountain of youth in a bottle.",OR,Beauty,5
"Good quality kitchen knife set. Blades are sharp out of the box. Handles have a comfortable grip. The knife block looks nice on the counter. Have been using them daily for a month with no issues.",CG,Kitchen,4
"These knives are sharper than a samurai sword. They can cut through anything including diamonds. Professional chefs worldwide are switching to this brand. Gordon Ramsay personally endorsed them to me.",OR,Kitchen,5
"The Bluetooth speaker has good sound for its size. Bass is present but not overwhelming. Battery lasts about 8 hours at moderate volume. It's waterproof which is great for outdoor use. Pairs easily with my phone.",CG,Electronics,4
"BEST SPEAKER IN THE UNIVERSE!! SOUNDS BETTER THAN A LIVE CONCERT!! MY NEIGHBORS CALLED THE POLICE BECAUSE THEY THOUGHT A BAND WAS PLAYING IN MY HOUSE!! 1000 OUT OF 10!!",OR,Electronics,5
"The umbrella is well-constructed and handles moderate wind without inverting. The automatic open and close feature works reliably. Handle has a good grip. Compact enough for my work bag. Worth the price.",CG,Accessories,4
"This umbrella controls the weather. When I open it the rain stops. When I close it the sun comes out. I am now a weather god thanks to this purchase. Five stars obviously.",OR,Accessories,5
"Comfortable sneakers for casual wear. The memory foam insole is nice. They run about half a size large so consider sizing down. Breathable mesh keeps feet cool. Look good with jeans or shorts.",CG,Shoes,4
"I wore these shoes and ran a marathon without any training. They made me faster than Usain Bolt. Nike offered me a sponsorship deal. These shoes have supernatural powers. Buy them to become an athlete.",OR,Shoes,5
"This portable charger has kept my phone alive during long trips. Charges my phone about 3 times. The LED indicators show remaining battery clearly. Compact and lightweight. Charges relatively fast with the included cable.",CG,Electronics,4
"I plugged in this charger and it charged my phone to 500% battery. My phone now lasts a month on a single charge. The charger also charges itself through solar energy and telekinesis. Mind blown.",OR,Electronics,5
"The resistance bands have different tension levels which is nice for progressive training. They feel durable and haven't snapped during use. Handles are comfortable. Come with a door anchor. Good for home workouts.",CG,Fitness,4
"I used these bands for one week and now I look like a professional bodybuilder. My muscles grew overnight. I can bench press a car now. These bands contain secret military technology. Buy immediately.",OR,Fitness,5
"Good quality notebook with thick pages that prevent ink bleed-through. The binding is sturdy. Lies flat when open. The cover design is professional. Good size for meetings and classes. Decent value for a premium notebook.",CG,Office,4
"This notebook writes itself. I opened it and my entire thesis was already written inside. It contains the secrets of the universe. Ancient wisdom flows from its pages. Nobel Prize guaranteed if you buy this notebook.",OR,Office,5
"The LED desk lamp provides adequate lighting for my workspace. Has multiple color temperature settings. Touch controls are responsive. The flexible neck allows good positioning. Doesn't take up much desk space.",CG,Home,4
"This lamp cured my poor eyesight. I no longer need glasses. It also repels mosquitoes and purifies the air. My IQ increased by 50 points after studying under its light. Scientists cannot explain it.",OR,Home,5
"Decent wireless keyboard for everyday office work. Keys have a satisfying feel. Connection is stable. Battery lasts several months. The compact design saves desk space. Works with multiple devices via Bluetooth.",CG,Electronics,4
"I typed one email with this keyboard and immediately got promoted to CEO. The keys are made from unicorn ivory. Each keystroke plays a symphony. Shakespeare would have written better plays with this keyboard.",OR,Electronics,5
"The moisturizing lip balm works well in cold weather. Not too waxy and goes on smooth. Has a subtle vanilla scent. Keeps lips hydrated for a few hours. Compact tube fits easily in a pocket.",CG,Beauty,3
"Applied this lip balm and was immediately scouted by a modeling agency. My lips are now featured on billboards worldwide. Kylie Jenner is jealous of my lips. This lip balm contains liquid gold.",OR,Beauty,5
"The pan is quite good, non-stick and sturdy. Easy to clean and food doesn't stick. Just make sure you don't use metal utensils. Heats evenly and the handle stays cool. Would buy again.",CG,Kitchen,4
"PAN IS SENT FROM HEAVEN ABOVE!! ANGELS COOK WITH THIS PAN!! EVERY MEAL IS NOW MICHELIN STAR QUALITY!! MY FAMILY THINKS I AM A PROFESSIONAL CHEF!! GORDON RAMSAY WOULD CRY TEARS OF JOY!!",OR,Kitchen,5
"The backpack straps are comfortable for carrying heavy loads. Multiple compartments help organize items. The laptop sleeve fits my 14-inch notebook. Zippers are smooth and feel durable. Water-resistant material is a plus.",CG,Bags,4
"I was about to fail college but then I bought this backpack and suddenly understood quantum physics. My GPA went from 1.0 to 4.0 overnight. Harvard called and offered me a scholarship. Thank you backpack.",OR,Bags,5
"Simple but functional wall clock. Easy to read from across the room. Runs quietly with no ticking noise. Battery installation was straightforward. The frame looks clean and modern. Keeps accurate time.",CG,Home,4
"This clock bends space and time. Since installing it I have gained extra hours in my day. I can now time travel by adjusting the hands. Einstein would have wanted this clock. Revolutionary.",OR,Home,5
"The plant pot has good drainage holes and comes with a saucer. The ceramic finish looks nice. Size is as described. My medium-sized plant fits well. A bit heavy but that keeps it stable.",CG,Home,3
"My dead plant came back to life after I put it in this pot. It grew to touch my ceiling in one week. Now my entire house is a jungle paradise. This pot has magical soil powers.",OR,Home,5
"Comfortable reading glasses that don't pinch my nose. The magnification is accurate. Frames are lightweight. They come with a decent case. Lens clarity is good. No distortion at the edges. Good for the price.",CG,Accessories,4
"These glasses gave me X-ray vision and the ability to see the future. I can now read minds while wearing them. The CIA wants to classify them as a weapon. Tony Stark designed these personally for me.",OR,Accessories,5
"Reliable surge protector with enough outlets for my desk setup. The cord is a good length at 6 feet. The indicator lights confirm protection status. Spacing between outlets accommodates larger adapters. Feels well-built.",CG,Electronics,4
"This surge protector absorbed a direct lightning strike and my devices survived. It can power an entire city. NASA uses this exact model on the International Space Station. Unlimited power guaranteed forever.",OR,Electronics,5
"The cutting board is made of thick bamboo and feels very solid. Large enough for most food prep tasks. Doesn't slip on the counter. Knife marks are minimal so far. Easy to clean and dry.",CG,Kitchen,4
"I chopped an onion on this board and Gordon Ramsay appeared in my kitchen to congratulate me. The board is made from wood harvested from the Tree of Life. Michelin stars are awarded to anyone who owns it.",OR,Kitchen,5
"Good basic webcam for video calls. Picture quality is clear in well-lit rooms. Built-in microphone is usable for calls. Clip attaches securely to monitor. Easy plug and play setup. Focus adjusts automatically.",CG,Electronics,3
"This webcam makes me look like a Hollywood movie star. My boss thought I hired a professional camera crew. The microphone makes my voice sound like Morgan Freeman. Oscar-worthy video quality from a webcam.",OR,Electronics,5
"The pillow provides good neck support and keeps its shape through the night. Not too firm or too soft. The cover is removable and washable. Sleeping quality has improved since switching to this pillow.",CG,Home,4
"I slept on this pillow and woke up in Narnia. It cured my insomnia, back pain, and existential dread simultaneously. I now sleep for 2 hours and feel fully rested. The pillow whispers sweet dreams.",OR,Home,5
"These socks are comfortable and fit well. The material is breathable. Elastic band keeps them up without being too tight. Colors stay vibrant after several washes. Good everyday socks for the price.",CG,Clothing,4
"THESE SOCKS MADE ME RUN FASTER THAN LIGHT!! MY FEET HAVE NEVER BEEN HAPPIER!! THEY SING SONGS OF JOY WITH EVERY STEP!! I WILL NEVER WEAR ANY OTHER SOCKS!! BUY ALL OF THEM!!",OR,Clothing,5
